Experiment,WellPosition,Replicate,Subject,LHKC,LHKCorder,PMAxxConcentration,uSample,uCT,uCTMean,uCTSD,uQuantity,uQuantityMean,uQuantitySD,pWellPosition,pSample,pCT,pCTMean,pCTSD,pQuantity,pQuantityMean,pQuantitySD,DeltaCT,Total Bacteroa,MEanTotalBac,ViableBac,MeanViableBac,PercentLive,MeanPercent
ForearmEX,C8,1,F01,Live,0,5,F1L,24.16,24.394,0.249,3.897,3.134,0.284,C16,F1Lp,24.812,24.85,0.039,2.124,2.050,0.029,0.46,23382.00,18804.00,12741.53,12298.90,0.54,0.65
ForearmEX,C9,1,F01,Live,0,5,F1L,24.366,24.394,0.249,3.215,3.134,0.284,C17,F1Lp,24.89,24.85,0.039,1.975,2.050,0.029,0.46,19290.00,18804.00,11849.57,12298.90,0.61,0.65
ForearmEX,C10,1,F01,Live,0,5,F1L,24.655,24.394,0.249,2.457,3.134,0.284,C18,F1Lp,24.847,24.85,0.039,2.056,2.050,0.029,0.46,14742.00,18804.00,12333.27,12298.90,0.84,0.65
ForearmEX,G8,2,F02,Live,0,5,F2L,25.107,25.09,0.073,1.615,1.64,0.045,G16,F2Lp,25.317,25.291,0.039,1.327,1.360,0.028,0.20,9690.00,9840.00,7964.46,8159.48,0.82,0.83
ForearmEX,G9,2,F02,Live,0,5,F2L,25.153,25.09,0.073,1.546,1.64,0.045,G17,F2Lp,25.311,25.291,0.039,1.335,1.360,0.028,0.20,9276.00,9840.00,8009.05,8159.48,0.86,0.83
ForearmEX,G10,2,F02,Live,0,5,F2L,25.01,25.09,0.073,1.767,1.64,0.045,G18,F2Lp,25.247,25.291,0.039,1.417,1.360,0.028,0.20,10602.00,9840.00,8500.46,8159.48,0.80,0.83
ForearmEX,J8,3,F03,Live,0,5,F3L,24.635,24.696,0.065,2.503,2.366,0.056,J16,F3Lp,25.09,25.072,0.017,1.640,1.667,0.012,0.38,15018.00,14196.00,9837.50,10003.65,0.66,0.70
ForearmEX,J9,3,F03,Live,0,5,F3L,24.765,24.696,0.065,2.219,2.366,0.056,J17,F3Lp,25.071,25.072,0.017,1.669,1.667,0.012,0.38,13314.00,14196.00,10012.96,10003.65,0.75,0.70
ForearmEX,J10,3,F03,Live,0,5,F3L,24.687,24.696,0.065,2.385,2.366,0.056,J18,F3Lp,25.055,25.072,0.017,1.694,1.667,0.012,0.38,14310.00,14196.00,10163.14,10003.65,0.71,0.70
ForearmEX,D8,1,F01,Heated,1,5,F1H,24.375,24.449,0.074,3.188,2.977,0.081,D16,F1Hp,25.925,25.913,0.066,0.754,0.763,0.048,1.46,19128.00,17862.00,4524.00,4578.00,0.24,0.26
ForearmEX,D9,1,F01,Heated,1,5,F1H,24.449,24.449,0.074,2.977,2.977,0.081,D17,F1Hp,25.841,25.913,0.066,0.815,0.763,0.048,1.46,17862.00,17862.00,4890.00,4578.00,0.27,0.26
ForearmEX,D10,1,F01,Heated,1,5,F1H,24.523,24.449,0.074,2.78,2.977,0.081,D18,F1Hp,25.972,25.913,0.066,0.722,0.763,0.048,1.46,16680.00,17862.00,4332.00,4578.00,0.26,0.26
ForearmEX,H8,2,F02,Heated,1,5,F2H,24.899,24.923,0.051,1.958,1.916,0.035,H16,F2Hp,25.808,25.858,0.049,0.841,0.803,0.037,0.94,11748.00,11496.00,5046.00,4818.00,0.43,0.42
ForearmEX,H9,2,F02,Heated,1,5,F2H,24.981,24.923,0.051,1.815,1.916,0.035,H17,F2Hp,25.858,25.858,0.049,0.802,0.803,0.037,0.94,10890.00,11496.00,4812.00,4818.00,0.44,0.42
ForearmEX,H10,2,F02,Heated,1,5,F2H,24.888,24.923,0.051,1.979,1.916,0.035,H18,F2Hp,25.907,25.858,0.049,0.767,0.803,0.037,0.94,11874.00,11496.00,4602.00,4818.00,0.39,0.42
ForearmEX,E8,1,F01,Heat Killed,2,5,F1K,24.45,24.483,0.049,2.973,2.883,0.051,E16,F1Kp,26.259,26.269,0.032,0.552,0.547,0.023,1.79,17838.00,17298.00,3312.00,3282.00,0.19,0.19
ForearmEX,E9,1,F01,Heat Killed,2,5,F1K,24.539,24.483,0.049,2.737,2.883,0.051,E17,F1Kp,26.244,26.269,0.032,0.561,0.547,0.023,1.79,16422.00,17298.00,3366.00,3282.00,0.20,0.19
ForearmEX,E10,1,F01,Heat Killed,2,5,F1K,24.461,24.483,0.049,2.945,2.883,0.051,E18,F1Kp,26.305,26.269,0.032,0.53,0.547,0.023,1.79,17670.00,17298.00,3180.00,3282.00,0.18,0.19
ForearmEX,K8,3,F03,Heat Killed,2,5,F3K,24.297,24.43,0.116,3.43,3.03,0.133,K16,F3Kp,25.921,25.944,0.022,0.757,0.741,0.015,1.51,20580.00,18180.00,4542.00,4446.00,0.22,0.24
ForearmEX,K9,3,F03,Heat Killed,2,5,F3K,24.512,24.43,0.116,2.808,3.03,0.133,K17,F3Kp,25.965,25.944,0.022,0.726,0.741,0.015,1.51,16848.00,18180.00,4356.00,4446.00,0.26,0.24
ForearmEX,K10,3,F03,Heat Killed,2,5,F3K,24.481,24.43,0.116,2.889,3.03,0.133,K18,F3Kp,25.945,25.944,0.022,0.74,0.741,0.015,1.51,17334.00,18180.00,4440.00,4446.00,0.26,0.24
ForearmEX,F8,1,F01,CHG,3,5,F1C,24.265,24.499,0.208,3.533,2.841,0.228,F16,F1Cp,25.933,25.919,0.03,0.748,0.758,0.021,1.42,21198.00,17046.00,4488.00,4548.00,0.21,0.27
ForearmEX,F9,1,F01,CHG,3,5,F1C,24.569,24.499,0.208,2.663,2.841,0.228,F17,F1Cp,25.939,25.919,0.03,0.744,0.758,0.021,1.42,15978.00,17046.00,4464.00,4548.00,0.28,0.27
ForearmEX,F10,1,F01,CHG,3,5,F1C,24.664,24.499,0.208,2.438,2.841,0.228,F18,F1Cp,25.884,25.919,0.03,0.783,0.758,0.021,1.42,14628.00,17046.00,4698.00,4548.00,0.32,0.27
ForearmEX,I8,2,F02,CHG,3,5,F2C,24.862,24.931,0.06,2.027,1.901,0.042,I16,F2Cp,25.909,25.948,0.039,0.765,0.738,0.027,1.02,12162.00,11406.00,4590.00,4428.00,0.38,0.39
ForearmEX,I9,2,F02,CHG,3,5,F2C,24.968,24.931,0.06,1.836,1.901,0.042,I17,F2Cp,25.987,25.948,0.039,0.712,0.738,0.027,1.02,11016.00,11406.00,4272.00,4428.00,0.39,0.39
ForearmEX,I10,2,F02,CHG,3,5,F2C,24.963,24.931,0.06,1.846,1.901,0.042,I18,F2Cp,25.947,25.948,0.039,0.738,0.738,0.027,1.02,11076.00,11406.00,4428.00,4428.00,0.40,0.39
ForearmEX,L8,3,F03,CHG,3,5,F3C,24.628,24.72,0.081,2.519,2.313,0.07,L16,F3Cp,25.929,25.946,0.031,0.751,0.739,0.021,1.23,15114.00,13878.00,4506.00,4434.00,0.30,0.32
ForearmEX,L9,3,F03,CHG,3,5,F3C,24.782,24.72,0.081,2.184,2.313,0.07,L17,F3Cp,25.982,25.946,0.031,0.715,0.739,0.021,1.23,13104.00,13878.00,4290.00,4434.00,0.33,0.32
ForearmEX,L10,3,F03,CHG,3,5,F3C,24.75,24.72,0.081,2.25,2.313,0.07,L18,F3Cp,25.928,25.946,0.031,0.752,0.739,0.021,1.23,13500.00,13878.00,4512.00,4434.00,0.33,0.32
ForearmEX,C11,1,F04,Live,0,10,F4L,24.241,24.149,0.079,3.614,3.934,0.112,C19,F4Lp,24.851,24.686,0.315,2.048,2.388,0.304,0.54,21684.00,23604.00,12287.46,14326.39,0.57,0.61
ForearmEX,C12,1,F04,Live,0,10,F4L,24.101,24.149,0.079,4.117,3.934,0.112,C20,F4Lp,24.322,24.686,0.315,3.350,2.388,0.304,0.54,24702.00,23604.00,20101.36,14326.39,0.81,0.61
ForearmEX,C13,1,F04,Live,0,10,F4L,24.107,24.149,0.079,4.093,3.934,0.112,C21,F4Lp,24.884,24.686,0.315,1.986,2.388,0.304,0.54,24558.00,23604.00,11915.91,14326.39,0.49,0.61
ForearmEX,G11,2,F05,Live,0,10,F5L,24.646,24.696,0.059,2.478,2.365,0.051,G19,F5Lp,25.059,25.009,0.048,1.688,1.768,0.034,0.31,14868.00,14190.00,10125.38,10607.57,0.68,0.75
ForearmEX,G12,2,F05,Live,0,10,F5L,24.681,24.696,0.059,2.398,2.365,0.051,G20,F5Lp,25.007,25.009,0.048,1.771,1.768,0.034,0.31,14388.00,14190.00,10627.33,10607.57,0.74,0.75
ForearmEX,G13,2,F05,Live,0,10,F5L,24.761,24.696,0.059,2.227,2.365,0.051,G21,F5Lp,24.962,25.009,0.048,1.847,1.768,0.034,0.31,13362.00,14190.00,11081.74,10607.57,0.83,0.75
ForearmEX,J11,3,F06,Live,0,10,F6L,24.525,24.565,0.083,2.772,2.672,0.08,J19,F6Lp,25.401,25.417,0.032,1.228,1.209,0.022,0.85,16632.00,16032.00,7365.68,7256.84,0.44,0.45
ForearmEX,J12,3,F06,Live,0,10,F6L,24.509,24.565,0.083,2.815,2.672,0.08,J20,F6Lp,25.453,25.417,0.032,1.170,1.209,0.022,0.85,16890.00,16032.00,7017.79,7256.84,0.42,0.45
ForearmEX,J13,3,F06,Live,0,10,F6L,24.66,24.565,0.083,2.445,2.672,0.08,J21,F6Lp,25.495,25.417,0.032,1.125,1.209,0.022,0.85,14670.00,16032.00,6748.83,7256.84,0.46,0.45
ForearmEX,D11,1,F04,Heated,1,10,F4H,24.049,24.237,0.171,4.321,3.624,0.235,D19,F4Hp,26.955,26.901,0.05,0.289,0.304,0.035,2.66,25926.00,21744.00,1734.00,1824.00,0.07,0.08
ForearmEX,D12,1,F04,Heated,1,10,F4H,24.281,24.237,0.171,3.48,3.624,0.235,D20,F4Hp,26.892,26.901,0.05,0.307,0.304,0.035,2.66,20880.00,21744.00,1842.00,1824.00,0.09,0.08
ForearmEX,D13,1,F04,Heated,1,10,F4H,24.383,24.237,0.171,3.166,3.624,0.235,D21,F4Hp,26.857,26.901,0.05,0.317,0.304,0.035,2.66,18996.00,21744.00,1902.00,1824.00,0.10,0.08
ForearmEX,E11,1,F04,Heat Killed,2,10,F4K,24.278,24.198,0.076,3.491,3.76,0.104,E19,F4Kp,27.054,27.113,0.053,0.264,0.25,0.038,2.92,20946.00,22560.00,1584.00,1500.00,0.08,0.07
ForearmEX,E12,1,F04,Heat Killed,2,10,F4K,24.127,24.198,0.076,4.018,3.76,0.104,E20,F4Kp,27.129,27.113,0.053,0.246,0.25,0.038,2.92,24108.00,22560.00,1476.00,1500.00,0.06,0.07
ForearmEX,E13,1,F04,Heat Killed,2,10,F4K,24.19,24.198,0.076,3.789,3.76,0.104,E21,F4Kp,27.156,27.113,0.053,0.24,0.25,0.038,2.92,22734.00,22560.00,1440.00,1500.00,0.06,0.07
ForearmEX,H11,2,F05,Heat Killed,2,10,F5K,24.731,24.74,0.062,2.29,2.271,0.051,H19,F5Kp,27.971,27.968,0.054,0.112,0.113,0.036,3.23,13740.00,13626.00,672.00,678.00,0.05,0.05
ForearmEX,H12,2,F05,Heat Killed,2,10,F5K,24.683,24.74,0.062,2.394,2.271,0.051,H20,F5Kp,27.02,27.968,0.054,0.272,0.113,0.036,3.23,14364.00,13626.00,1632.00,678.00,0.11,0.05
ForearmEX,H13,2,F05,Heat Killed,2,10,F5K,24.805,24.74,0.062,2.137,2.271,0.051,H21,F5Kp,27.912,27.968,0.054,0.119,0.113,0.036,3.23,12822.00,13626.00,714.00,678.00,0.06,0.05
ForearmEX,K11,3,F06,Heat Killed,2,10,F6K,24.55,24.603,0.046,2.709,2.58,0.044,K19,F6Kp,27.969,27.968,0.005,0.113,0.113,0.003,3.37,16254.00,15480.00,678.00,678.00,0.04,0.04
ForearmEX,K12,3,F06,Heat Killed,2,10,F6K,24.622,24.603,0.046,2.535,2.58,0.044,K20,F6Kp,27.963,27.968,0.005,0.113,0.113,0.003,3.37,15210.00,15480.00,678.00,678.00,0.04,0.04
ForearmEX,K13,3,F06,Heat Killed,2,10,F6K,24.636,24.603,0.046,2.501,2.58,0.044,K21,F6Kp,27.972,27.968,0.005,0.112,0.113,0.003,3.37,15006.00,15480.00,672.00,678.00,0.04,0.04
ForearmEX,F11,1,F04,CHG,3,10,F4C,24.172,24.251,0.074,3.851,3.58,0.098,F19,F4Cp,26.908,26.908,0.028,0.302,0.302,0.02,2.66,23106.00,21480.00,1812.00,1812.00,0.08,0.08
ForearmEX,F12,1,F04,CHG,3,10,F4C,24.26,24.251,0.074,3.55,3.58,0.098,F20,F4Cp,26.88,26.908,0.028,0.31,0.302,0.02,2.66,21300.00,21480.00,1860.00,1812.00,0.09,0.08
ForearmEX,F13,1,F04,CHG,3,10,F4C,24.32,24.251,0.074,3.356,3.58,0.098,F21,F4Cp,26.936,26.908,0.028,0.294,0.302,0.02,2.66,20136.00,21480.00,1764.00,1812.00,0.09,0.08
ForearmEX,I11,2,F05,CHG,3,10,F5C,24.443,24.485,0.079,2.995,2.879,0.082,I19,F5Cp,27.103,27.093,0.014,0.252,0.254,0.01,2.61,17970.00,17274.00,1512.00,1524.00,0.08,0.09
ForearmEX,I12,2,F05,CHG,3,10,F5C,24.436,24.485,0.079,3.012,2.879,0.082,I20,F5Cp,27.083,27.093,0.014,0.257,0.254,0.01,2.61,18072.00,17274.00,1542.00,1524.00,0.09,0.09
ForearmEX,I13,2,F05,CHG,3,10,F5C,24.576,24.485,0.079,2.646,2.879,0.082,,,,,,,,,,,,,,,
ForearmEX,L11,3,F06,CHG,3,10,F6C,24.627,24.636,0.096,2.522,2.501,0.088,L19,F6Cp,27.141,27.127,0.014,0.243,0.246,0.01,2.49,15132.00,15006.00,1458.00,1476.00,0.10,0.10
ForearmEX,L12,3,F06,CHG,3,10,F6C,24.545,24.636,0.096,2.722,2.501,0.088,L20,F6Cp,27.123,27.127,0.014,0.247,0.246,0.01,2.49,16332.00,15006.00,1482.00,1476.00,0.09,0.10
ForearmEX,L13,3,F06,CHG,3,10,F6C,24.736,24.636,0.096,2.278,2.501,0.088,L21,F6Cp,27.113,27.127,0.014,0.25,0.246,0.01,2.49,13668.00,15006.00,1500.00,1476.00,0.11,0.10
ForearmEX,C8,1,F07,Live,0,25,F7L,24.139,24.07,0.273,3.972,4.235,3.381,C16,F7Lp,24.74,24.804,0.067,2.271,2.139,0.043,0.73,23832.00,25410.00,13624.36,12836.73,0.57,0.51
ForearmEX,C9,1,F07,Live,0,25,F7L,23.769,24.07,0.273,5.604,4.235,3.381,C17,F7Lp,24.873,24.804,0.067,2.006,2.139,0.043,0.73,33624.00,25410.00,12038.49,12836.73,0.36,0.51
ForearmEX,C10,1,F07,Live,0,25,F7L,24.303,24.07,0.273,3.411,4.235,3.381,C18,F7Lp,24.799,24.804,0.067,2.149,2.139,0.043,0.73,20466.00,25410.00,12896.58,12836.73,0.63,0.51
ForearmEX,G8,2,F08,Live,0,25,F8L,24.59,24.516,0.084,2.611,2.796,0.096,G16,F8Lp,25.504,25.516,0.123,1.115,1.103,0.07,1.00,15666.00,16776.00,6692.55,6618.24,0.43,0.39
ForearmEX,G9,2,F08,Live,0,25,F8L,24.533,24.516,0.084,2.752,2.796,0.096,G17,F8Lp,25.644,25.516,0.123,0.979,1.103,0.07,1.00,16512.00,16776.00,5875.15,6618.24,0.36,0.39
ForearmEX,G10,2,F08,Live,0,25,F8L,24.425,24.516,0.084,3.044,2.796,0.096,G18,F8Lp,25.499,25.516,0.123,1.121,1.103,0.07,1.00,18264.00,16776.00,6723.76,6618.24,0.37,0.39
ForearmEX,D8,1,F07,Heated,1,25,F7H,24.069,24.058,0.037,4.238,4.284,0.302,D16,F7Hp,27.007,27.041,0.058,0.275,0.267,0.039,2.98,25428.00,25704.00,1650.00,1602.00,0.06,0.06
ForearmEX,D9,1,F07,Heated,1,25,F7H,24.016,24.058,0.037,4.453,4.284,0.302,D17,F7Hp,27.008,27.041,0.058,0.275,0.267,0.039,2.98,26718.00,25704.00,1650.00,1602.00,0.06,0.06
ForearmEX,D10,1,F07,Heated,1,25,F7H,24.088,24.058,0.037,4.167,4.284,0.302,D18,F7Hp,27.108,27.041,0.058,0.251,0.267,0.039,2.98,25002.00,25704.00,1506.00,1602.00,0.06,0.06
ForearmEX,E8,1,F07,Heat Killed,2,25,F7K,24.071,24.089,0.018,4.23,4.16,0.13,,,,,,,,,,,,,,,
ForearmEX,E9,1,F07,Heat Killed,2,25,F7K,24.108,24.089,0.018,4.088,4.16,0.13,E17,F7Kp,27.464,27.488,0.035,0.18,0.176,0.023,3.40,24528.00,24960.00,1080.00,1056.00,0.04,0.04
ForearmEX,E10,1,F07,Heat Killed,2,25,F7K,24.089,24.089,0.018,4.163,4.16,0.13,E18,F7Kp,27.513,27.488,0.035,0.172,0.176,0.023,3.40,24978.00,24960.00,1032.00,1056.00,0.04,0.04
ForearmEX,H8,2,F08,Heat Killed,2,25,F8K,24.495,24.53,0.117,2.851,2.762,0.127,H16,F8Kp,27.64,27.614,0.029,0.153,0.157,0.019,3.08,17106.00,16572.00,918.00,942.00,0.05,0.06
ForearmEX,H9,2,F08,Heat Killed,2,25,F8K,24.66,24.53,0.117,2.447,2.762,0.127,H17,F8Kp,27.619,27.614,0.029,0.156,0.157,0.019,3.08,14682.00,16572.00,936.00,942.00,0.06,0.06
ForearmEX,H10,2,F08,Heat Killed,2,25,F8K,24.434,24.53,0.117,3.019,2.762,0.127,H18,F8Kp,27.582,27.614,0.029,0.161,0.157,0.019,3.08,18114.00,16572.00,966.00,942.00,0.05,0.06
ForearmEX,F8,1,F07,CHG,3,25,F7C,23.569,23.737,0.162,6.751,5.775,2.64,F16,F7Cp,26.901,26.828,0.237,0.304,0.325,0.14,3.09,40506.00,34650.00,1824.00,1950.00,0.05,0.06
ForearmEX,F9,1,F07,CHG,3,25,F7C,23.893,23.737,0.162,4.993,5.775,2.64,F17,F7Cp,26.796,26.828,0.237,0.335,0.325,0.14,3.09,29958.00,34650.00,2010.00,1950.00,0.07,0.06
ForearmEX,F10,1,F07,CHG,3,25,F7C,23.748,23.737,0.162,5.714,5.775,2.64,F18,F7Cp,26.787,26.828,0.237,0.338,0.325,0.14,3.09,34284.00,34650.00,2028.00,1950.00,0.06,0.06
ForearmEX,I8,2,F08,CHG,3,25,F8C,24.677,24.474,0.179,2.408,2.909,0.203,I16,F8Cp,27.199,27.047,0.134,0.23,0.265,0.089,2.57,14448.00,17454.00,1380.00,1590.00,0.10,0.09
ForearmEX,I9,2,F08,CHG,3,25,F8C,24.338,24.474,0.179,3.3,2.909,0.203,I17,F8Cp,26.999,27.047,0.134,0.277,0.265,0.089,2.57,19800.00,17454.00,1662.00,1590.00,0.08,0.09
ForearmEX,I10,2,F08,CHG,3,25,F8C,24.407,24.474,0.179,3.097,2.909,0.203,I18,F8Cp,26.943,27.047,0.134,0.292,0.265,0.089,2.57,18582.00,17454.00,1752.00,1590.00,0.09,0.09
ForearmEX,C11,1,F09,Live,0,50,F9L,23.857,23.842,0.063,5.166,5.236,0.138,C19,F9Lp,25.777,25.768,0.091,0.865,0.873,0.061,1.93,30996.00,31416.00,5190.00,5238.00,0.17,0.17
ForearmEX,C12,1,F09,Live,0,50,F9L,23.897,23.842,0.063,4.975,5.236,0.138,C20,F9Lp,25.659,25.768,0.091,0.965,0.873,0.061,1.93,29850.00,31416.00,5790.00,5238.00,0.19,0.17
ForearmEX,C13,1,F09,Live,0,50,F9L,23.773,23.842,0.063,5.586,5.236,0.138,C21,F9Lp,25.767,25.768,0.091,0.873,0.873,0.061,1.93,33516.00,31416.00,5238.00,5238.00,0.16,0.17
ForearmEX,F11,2,F10,Live,0,50,F10L,24.461,24.536,0.066,2.944,2.746,0.074,F19,F10Lp,26.104,26.097,0.022,0.639,0.642,0.015,1.56,17664.00,16476.00,3834.00,3852.00,0.22,0.23
ForearmEX,F12,2,F10,Live,0,50,F10L,24.558,24.536,0.066,2.69,2.746,0.074,F20,F10Lp,26.072,26.097,0.022,0.657,0.642,0.015,1.56,16140.00,16476.00,3942.00,3852.00,0.24,0.23
ForearmEX,F13,2,F10,Live,0,50,F10L,24.588,24.536,0.066,2.616,2.746,0.074,F21,F10Lp,26.116,26.097,0.022,0.631,0.642,0.015,1.56,15696.00,16476.00,3786.00,3852.00,0.24,0.23
ForearmEX,G11,2,F10,Heated,1,50,F10H,24.703,24.752,0.045,2.35,2.246,0.041,G19,F10Hp,26.784,26.716,0.06,0.339,0.361,0.038,1.96,14100.00,13476.00,2034.00,2166.00,0.14,0.16
ForearmEX,G12,2,F10,Heated,1,50,F10H,24.758,24.752,0.045,2.233,2.246,0.041,G20,F10Hp,26.689,26.716,0.06,0.37,0.361,0.038,1.96,13398.00,13476.00,2220.00,2166.00,0.17,0.16
ForearmEX,G13,2,F10,Heated,1,50,F10H,24.794,24.752,0.045,2.16,2.246,0.041,G21,F10Hp,26.673,26.716,0.06,0.376,0.361,0.038,1.96,12960.00,13476.00,2256.00,2166.00,0.17,0.16
ForearmEX,D11,1,F09,Heat Killed,2,50,F9K,24.252,24.122,0.113,3.577,4.037,0.47,D19,F9Kp,26.139,26.089,0.046,0.618,0.647,0.029,1.97,21462.00,24222.00,3708.00,3882.00,0.17,0.16
ForearmEX,D12,1,F09,Heat Killed,2,50,F9K,24.047,24.122,0.113,4.328,4.037,0.47,D20,F9Kp,26.051,26.089,0.046,0.671,0.647,0.029,1.97,25968.00,24222.00,4026.00,3882.00,0.16,0.16
ForearmEX,D13,1,F09,Heat Killed,2,50,F9K,24.066,24.122,0.113,4.249,4.037,0.47,D21,F9Kp,26.076,26.089,0.046,0.655,0.647,0.029,1.97,25494.00,24222.00,3930.00,3882.00,0.15,0.16
ForearmEX,H11,2,F10,Heat Killed,2,50,F10K,24.723,24.657,0.057,2.306,2.453,0.056,H19,F10Kp,26.789,26.533,0.421,0.338,0.428,0.206,1.88,13836.00,14718.00,2028.00,2568.00,0.15,0.17
ForearmEX,H12,2,F10,Heat Killed,2,50,F10K,24.626,24.657,0.057,2.525,2.453,0.056,H20,F10Kp,26.764,26.533,0.421,0.345,0.428,0.206,1.88,15150.00,14718.00,2070.00,2568.00,0.14,0.17
ForearmEX,H13,2,F10,Heat Killed,2,50,F10K,24.622,24.657,0.057,2.534,2.453,0.056,H21,F10Kp,26.047,26.533,0.421,0.673,0.428,0.206,1.88,15204.00,14718.00,4038.00,2568.00,0.27,0.17
ForearmEX,E11,1,F09,CHG,3,50,F9C,24.404,24.266,0.142,3.103,3.53,0.534,E19,F9Cp,25.981,26.182,0.333,0.716,0.594,0.184,1.92,18618.00,21180.00,4296.00,3564.00,0.23,0.17
ForearmEX,E12,1,F09,CHG,3,50,F9C,24.273,24.266,0.142,3.508,3.53,0.534,E20,F9Cp,26.566,26.182,0.333,0.415,0.594,0.184,1.92,21048.00,21180.00,2490.00,3564.00,0.12,0.17
ForearmEX,E13,1,F09,CHG,3,50,F9C,24.121,24.266,0.142,4.041,3.53,0.534,E21,F9Cp,25.999,26.182,0.333,0.704,0.594,0.184,1.92,24246.00,21180.00,4224.00,3564.00,0.17,0.17
ForearmEX,I11,2,F10,CHG,3,50,F10C,24.81,24.794,0.017,2.128,2.159,0.015,I19,F10Cp,26.008,26.309,0.552,0.698,0.528,0.26,1.52,12768.00,12954.00,4188.00,3168.00,0.33,0.24
ForearmEX,I12,2,F10,CHG,3,50,F10C,24.776,24.794,0.017,2.196,2.159,0.015,I20,F10Cp,26.945,26.309,0.552,0.292,0.528,0.26,1.52,13176.00,12954.00,1752.00,3168.00,0.13,0.24
ForearmEX,I13,2,F10,CHG,3,50,F10C,24.797,24.794,0.017,2.154,2.159,0.015,I21,F10Cp,25.973,26.309,0.552,0.721,0.528,0.26,1.52,12924.00,12954.00,4326.00,3168.00,0.33,0.24
SkinTry2,,4,T6,Live,0,25,T6L,,,,,,,,T6Lp,26.813,26.808,0.046,1.388,1.393,0.044,,,,,,,
SkinTry2,,4,T6,Live,0,25,T6L,26.517,26.166,0.607,1.701,2.166,3.1,,T6Lp,26.85,26.808,0.046,1.353,1.393,0.044,0.64,10207.96,12996.16,8117.85,8355.84,0.80,0.64
SkinTry2,,4,T6,Live,0,25,T6L,25.715,26.166,0.607,2.954,2.166,3.1,,T6Lp,26.56,26.808,0.046,1.652,1.393,0.044,0.64,17724.37,12996.16,9910.39,8355.84,0.56,0.64
SkinTry2,,4,T6,Heated,1,25,T6H,26.278,26.188,0.078,2.005,2.133,0.113,,T6H,28.688,28.396,0.258,0.382,0.467,0.08,2.21,12032.35,12800.94,2292.24,2802.25,0.19,0.22
SkinTry2,,4,T6,Heated,1,25,T6H,26.133,26.188,0.078,2.216,2.133,0.113,,T6H,28.301,28.396,0.258,0.499,0.467,0.08,2.21,13294.60,12800.94,2991.52,2802.25,0.23,0.22
SkinTry2,,4,T6,Heated,1,25,T6H,26.153,26.188,0.078,2.185,2.133,0.113,,T6H,28.199,28.396,0.258,0.535,0.467,0.08,2.21,13112.92,12800.94,3209.00,2802.25,0.24,0.22
SkinTry2,,4,T6,CHG,3,25,T6C,26.052,26.116,0.08,2.343,2.242,0.061,,T6Cp,28.104,28.044,0.103,0.571,0.595,0.043,1.93,14056.51,13451.01,3425.74,3570.11,0.24,0.27
SkinTry2,,4,T6,CHG,3,25,T6C,26.052,26.116,0.08,2.343,2.242,0.061,,T6Cp,27.925,28.044,0.103,0.646,0.595,0.043,1.93,14056.51,13451.01,3874.70,3570.11,0.28,0.27
SkinTry2,,4,T6,CHG,3,25,T6C,26.052,26.116,0.08,2.343,2.242,0.061,,T6Cp,28.103,28.044,0.103,0.571,0.595,0.043,1.93,14056.51,13451.01,3428.10,3570.11,0.24,0.27
SkinTry2,,4,T8,CHG,3,10,T8C,24.99,25.145,0.15,4.865,4.373,0.455,,T8Cp,27.965,27.856,0.111,0.628,0.677,0.052,2.71,29187.41,26235.10,3769.53,4063.08,0.13,0.15
SkinTry2,,4,T8,CHG,3,10,T8C,25.155,25.145,0.15,4.343,4.373,0.455,,T8Cp,27.744,27.856,0.111,0.731,0.677,0.052,2.71,26055.22,26235.10,4388.54,4063.08,0.17,0.15
SkinTry2,,4,T8,CHG,3,10,T8C,25.289,25.145,0.15,3.960,4.373,0.455,,T8Cp,27.857,27.856,0.111,0.677,0.677,0.052,2.71,23760.55,26235.10,4060.28,4063.08,0.17,0.15
SkinTry2,,4,T8,Heated,1,10,T8H,23.493,23.943,0.436,13.625,9.997,3.1,,T8H,26.555,26.668,0.14,1.657,1.533,0.073,2.73,81750.14,59983.49,9944.54,9200.71,0.12,0.15
SkinTry2,,4,T8,Heated,1,10,T8H,24.363,23.943,0.436,7.488,9.997,3.1,,T8H,26.623,26.668,0.14,1.582,1.533,0.073,2.73,44930.24,59983.49,9490.01,9200.71,0.21,0.15
SkinTry2,,4,T8,Heated,1,10,T8H,23.974,23.943,0.436,9.786,9.997,3.1,,T8H,26.825,26.668,0.14,1.376,1.533,0.073,2.73,58717.72,59983.49,8258.68,9200.71,0.14,0.15
SkinTry2,,4,T8,Live,0,10,T8L,26.127,26.186,0.186,2.225,2.136,0.266,,T8Lp,27.299,27.174,0.123,0.993,1.083,0.046,0.99,13349.60,12818.56,5960.50,6495.79,0.45,0.51
SkinTry2,,4,T8,Live,0,10,T8L,26.036,26.186,0.186,2.369,2.136,0.266,,T8Lp,27.169,27.174,0.123,1.086,1.083,0.046,0.99,14212.10,12818.56,6518.17,6495.79,0.46,0.51
SkinTry2,,4,T8,Live,0,10,T8L,26.394,26.186,0.186,1.852,2.136,0.266,,T8Lp,27.054,27.174,0.123,1.176,1.083,0.046,0.99,11109.40,12818.56,7054.84,6495.79,0.64,0.51
SkinTry1,,5,T2,Live,0,50,T2L,26.585,26.675,0.078,1.624,1.526,0.028,,T2Lp,28.118,28.168,0.0434,0.565,0.546,0.004,1.49,9741.39,9156.50,3392.90,3278.17,0.35,0.36
SkinTry1,,5,T2,Live,0,50,T2L,26.725,26.675,0.078,1.474,1.526,0.028,,T2Lp,28.196,28.168,0.0434,0.536,0.546,0.004,1.49,8846.88,9156.50,3215.63,3278.17,0.36,0.36
SkinTry1,,5,T2,Live,0,50,T2L,26.714,26.675,0.078,1.486,1.526,0.028,,T2Lp,28.19,28.168,0.0434,0.538,0.546,0.004,1.49,8914.08,9156.50,3228.93,3278.17,0.36,0.36
SkinTry1,,5,T2,Heated,1,50,T2H,26.814,26.475,0.067,1.387,1.751,0.021,,T2Hp,27.993,28.007,0.0136,0.616,0.610,0.002,1.53,8321.42,10507.23,3697.61,3662.16,0.44,0.35
SkinTry1,,5,T2,Heated,1,50,T2H,26.873,26.475,0.067,1.332,1.751,0.021,,T2Hp,28.009,28.007,0.0136,0.610,0.610,0.002,1.53,7990.40,10507.23,3657.13,3662.16,0.46,0.35
SkinTry1,,5,T2,Heated,1,50,T2H,26.74,26.475,0.067,1.459,1.751,0.021,,T2Hp,28.02,28.007,0.0136,0.605,0.610,0.002,1.53,8756.05,10507.23,3629.55,3662.16,0.41,0.35
SkinTry1,,5,T2,CHG,3,50,T2C,26.453,26.389,0.170,1.778,1.858,0.081,,T2Cp,27.971,28.136,0.1655,0.626,0.559,0.015,1.75,10667.48,11147.68,3754.00,3351.15,0.35,0.30
SkinTry1,,5,T2,CHG,3,50,T2C,26.518,26.389,0.170,1.700,1.858,0.081,,T2Cp,28.302,28.136,0.1655,0.498,0.559,0.015,1.75,10200.94,11147.68,2989.47,3351.15,0.29,0.30
SkinTry1,,5,T2,CHG,3,50,T2C,26.196,26.389,0.170,2.122,1.858,0.081,,T2Cp,28.135,28.136,0.1655,0.559,0.559,0.015,1.75,12730.67,11147.68,3353.45,3351.15,0.26,0.30