SampleID,CoNS Staphylococcus spp.,OtherTaxa_NotStaph,Staphylococcus aureus,Staphylococcus caprae or S. capitis,Staphylococcus epidermidis,Staphylococcus haemolyticus,Staphylococcus hominis,Staphylococcus lugdunensis,Staphylococcus pasteuri,Staphylococcus pettenkoferi,Staphylococcus warneri
LK16S009-001,0,0.271235024,0,0,0.695241294,0,0.033523682,0,0,0,0
LK16S009-002,0,0.980381039,0.000538671,0.00102064,0.005755273,0,0.010305625,0.001998753,0,0,0
LK16S009-003,0.009126919,0.166550964,0.008248938,0.006819667,0.747121039,0,0.062132473,0,0,0,0
LK16S009-004,0,0.821152464,0.103618317,0,0.059086151,0,0.00185393,0.014289137,0,0,0
LK16S009-005,0.003193199,0.836821445,0.071918156,0.003152521,0.052189477,0,0.030976061,0,0,0.001749141,0
LK16S009-006,0.002507232,0.797010608,0.06099325,0,0.094310511,0,0.045178399,0,0,0,0
LK16S009-007,0.012644011,0.911673067,0.008839939,0,0.046337222,0,0.02050576,0,0,0,0
LK16S009-008,0,0.917652831,0.037406916,0,0.031836287,0,0.013103966,0,0,0,0
LK16S009-009,0.006971307,0.375756288,0.012114772,0,0.551229189,0,0.053928445,0,0,0,0
LK16S009-010,0,0.982964953,0.000268653,0.00146538,0.003174991,0,0.010709488,0.001416534,0,0,0
LK16S009-011,0.042438955,0.596715693,0.019391689,0,0.325460517,0,0.004483793,0,0.011509353,0,0
LK16S009-012,0,0.990807008,0.001413138,0,0.007779854,0,0,0,0,0,0
LK16S009-013,0,0.689327301,0.245791323,0,0,0,0.064881376,0,0,0,0
LK16S009-014,0.023041322,0.922578512,0,0,0.035933884,0,0.018446281,0,0,0,0
LK16S009-015,0,0.948970238,0,0.051029762,0,0,0,0,0,0,0
LK16S009-016,0.015053655,0.742479455,0,0,0.143348999,0,0.083787791,0,0.0153301,0,0
LK16S009-017,0.001874444,0.727556417,0,0.009047594,0.072391225,0.003905964,0.175119116,0.010105241,0,0,0
LK16S009-018,0.007991225,0.511438421,0,0.03056893,0.033218427,0.06256232,0.300874619,0.053346059,0,0,0
LK16S009-019,0,0.949605285,0,0.018841375,0.003410527,0.002647332,0.02549548,0,0,0,0
LK16S009-020,0.003880341,0.826264495,0,0.01464152,0.060867211,0.002910256,0.020462031,0.067499887,0,0.003474259,0
LK16S009-021,0.009488999,0.938006164,0.005332187,0.003182111,0.021744428,0.003741131,0.011667742,0.004515158,0.002322081,0,0
LK16S009-022,0,0.900315126,0,0,0.022006303,0,0.018434874,0.059243697,0,0,0
LK16S009-023,0,0.942743358,0.000854371,0.000440966,0.009122478,0.004395877,0.018741043,0.023701907,0,0,0
LK16S009-024,0,0.940289477,0,0,0,0,0,0.059710523,0,0,0
LK16S009-025,0.002785835,0.711780924,0,0.006634309,0.057727103,0.005169591,0.215902237,0,0,0,0
LK16S009-026,0.01341567,0.410404624,0,0.0293206,0.033413516,0.060388468,0.436374298,0.016682823,0,0,0
LK16S009-027,0,0.973413478,0,0,0,0,0.026586522,0,0,0,0
LK16S009-028,0.012666593,0.834188787,0,0,0.147989867,0,0,0.005154753,0,0,0
LK16S009-029,0.005650202,0.232234342,0,0,0.725125628,0,0,0.036989827,0,0,0
LK16S009-030,0,1,0,0,0,0,0,0,0,0,0
LK16S009-031,0,0.945489408,0,0,0.054510592,0,0,0,0,0,0
LK16S009-032,0,1,0,0,0,0,0,0,0,0,0
LK16S009-033,0.001502113,0.781493457,0,0,0.055399969,0,0.161604461,0,0,0,0
LK16S009-034,0,1,0,0,0,0,0,0,0,0,0
LK16S009-035,0.001918631,0.15784673,0,0.031578782,0.316699954,0,0.00577162,0.486184283,0,0,0
LK16S009-036,0.002477799,0.932683439,0,0,0.054728618,0,0.010110145,0,0,0,0
LK16S009-037,0.00683946,0.469920971,0,0.002179035,0.430927706,0,0.030673312,0.059459516,0,0,0
LK16S009-038,0.005597876,0.907125269,0,0,0.080293937,0,0.003520314,0.003462604,0,0,0
LK16S009-039,0,0.192658562,0,0,0.66352467,0,0.012698,0.131118767,0,0,0
LK16S009-040,0,0.954615962,0,0,0.041180886,0,0.004203152,0,0,0,0
LK16S009-041,0,0.824399748,0,0,0.027643115,0,0.147957137,0,0,0,0
LK16S009-042,0,1,0,0,0,0,0,0,0,0,0
LK16S009-043,0.004549321,0.110859087,0,0.033559296,0.401976957,0,0.005103487,0.443951852,0,0,0
LK16S009-044,0,0.934403993,0,0,0.048205259,0,0.015458443,0.001932305,0,0,0
LK16S009-045,0,0.718488852,0,0.001340229,0.21535114,0,0.017391441,0.047428337,0,0,0
LK16S009-046,0,0.979008977,0,0,0,0,0.020991023,0,0,0,0
LK16S009-047,0,0.957456298,0,0,0.038289331,0,0.00425437,0,0,0,0
LK16S009-048,0.011948855,0.988051145,0,0,0,0,0,0,0,0,0
LK16S009-049,0.007817255,0.355333571,0,0,0.527155778,0,0.012832889,0.096860507,0,0,0
LK16S009-050,0.013570347,0.612740425,0,0,0.323333146,0,0,0.047047608,0.003308473,0,0
LK16S009-051,0.006888064,0.345591989,0,0,0.612729981,0,0.001622366,0.0331676,0,0,0
LK16S009-052,0.002626905,0.843152286,0.004636814,0.008656633,0.102617556,0,0.036888847,0.001420959,0,0,0
LK16S009-053,0.008783696,0.137142486,0,0,0.570453464,0,0.003418286,0.280202068,0,0,0
LK16S009-054,0.016914409,0.594483791,0,0,0.178620089,0,0.209981711,0,0,0,0
LK16S009-055,0.012434914,0.063185184,0,0,0.815244854,0,0,0.109135048,0,0,0
LK16S009-056,0.001131154,0.803476811,0,0.002163085,0.179357425,0,0,0.013871525,0,0,0
LK16S009-057,0,0.950951978,0,0,0.006041825,0,0,0.043006198,0,0,0
LK16S009-058,0,0.964965501,0,0,0.031792767,0,0.003241732,0,0,0,0
LK16S009-059,0.006953822,0.310410541,0,0,0.658732663,0,0,0.023902975,0,0,0
LK16S009-060,0.003978501,0.851561753,0.001644957,0.004609705,0.096229988,0,0.041975096,0,0,0,0
LK16S009-061,0.00993747,0.140429922,0,0,0.516137861,0,0,0.333494747,0,0,0
LK16S009-062,0.025345284,0.269247723,0,0,0.368557155,0,0.336849838,0,0,0,0
LK16S009-063,0.007934744,0.088237909,0,0,0.653049431,0,0.003156117,0.247621799,0,0,0
LK16S009-064,0,0.945661569,0,0,0.054338431,0,0,0,0,0,0
LK16S009-065,0.011645717,0.108102634,0,0,0.753844985,0,0,0.126406663,0,0,0
LK16S009-066,0,0.97911276,0,0,0.019047916,0,0.001839324,0,0,0,0
LK16S009-067,0.013373938,0.061098452,0,0,0.844197883,0,0,0.081329727,0,0,0
LK16S009-068,0.006725069,0.269179719,0,0.001990974,0.713830634,0,0.00707902,0,0.001194585,0,0
LK16S009-069,0.010639006,0.256334802,0,0,0.710110385,0.000932078,0,0.021983729,0,0,0
LK16S009-070,0.003753919,0.738643398,0,0,0.246081348,0.000499191,0.009344861,0,0,0.001677283,0
LK16S009-071,0.034207487,0.378065765,0,0,0.496670969,0.003278076,0.087777702,0,0,0,0
LK16S009-072,0.00332126,0.817273417,0.001946946,0.00488168,0.117160322,0.000343579,0.055072796,0,0,0,0
LK16S009-073,0.009702286,0.293267604,0,0,0.56297424,0,0,0.13405587,0,0,0
LK16S009-074,0.00028714,0.980905208,0,0,0,0,0.018807652,0,0,0,0
LK16S009-075,0.012765389,0.091886292,0,0,0.771503999,0,0,0.12384432,0,0,0
LK16S009-076,0.00994011,0.892655132,0,0,0.084719681,0,0.012685077,0,0,0,0
LK16S009-077,0.005035571,0.649442281,0,0,0.329156542,0.000292766,0,0.01607284,0,0,0
LK16S009-078,0,0.732482699,0,0,0.243512111,0,0.02400519,0,0,0,0
LK16S009-079,0.040930626,0.478403152,0,0,0.384575308,0,0.096090914,0,0,0,0
LK16S009-080,0.002740158,0.853279582,0,0,0.088689315,0,0.055290945,0,0,0,0
LK16S009-081,0.008406911,0.852857927,0.00240801,0,0.076633856,0.023404165,0.03628913,0,0,0,0
LK16S009-082,0.022170703,0.796704781,0,0.002363374,0.064846493,0,0.112519132,0,0.001395516,0,0
LK16S009-083,0.006303437,0.795741827,0,0,0.109371333,0.023537301,0.065046102,0,0,0,0
LK16S009-084,0.000542741,0.835820896,0,0,0.071641791,0,0.091994573,0,0,0,0
LK16S009-085,0.010547932,0.781698248,0,0.003515977,0.095864837,0.032515013,0.071999751,0,0,0.003858241,0
LK16S009-086,0.002172935,0.956502732,0,0,0.021240759,0,0.020083574,0,0,0,0
LK16S009-087,0.102133677,0.311903229,0,0,0.374345476,0.014546524,0.197071095,0,0,0,0
LK16S009-088,0.024262757,0.759813686,0.004717758,0.007383666,0.151911815,0.003654391,0.028680975,0,0,0.019574952,0
LK16S009-089,0,0.97894232,0,0,0.001395126,0,0,0,0.019662554,0,0
LK16S009-090,0.000739481,0.886156918,0,0,0.075390076,0,0.01297789,0,0,0.024735636,0
LK16S009-091,8.83991E-05,0.905943366,0,0,0.060582845,0,0.033385391,0,0,0,0
LK16S009-092,0.015536031,0.982276858,0,0,0.002187111,0,0,0,0,0,0
LK16S009-093,0.012037473,0.772648767,0,0.071858481,0.050505051,0.031716125,0.025435704,0,0,0.035798398,0
LK16S009-094,0,0.989474303,0,0.006615312,0,0,0.003910385,0,0,0,0
LK16S009-095,0.123906776,0.173450264,0,0,0.411989428,0.024783758,0.265869774,0,0,0,0
LK16S009-096,0.032415933,0.637268945,0.001858673,0.01210695,0.248260692,0.002080349,0.066008458,0,0,0,0
LK16S009-097,0.131234708,0.019191077,0,0.004059651,0.130154868,0,0.714710425,0,0,0.000649271,0
LK16S009-098,0.021266638,0.089178942,0,0.848293778,0.039041424,0,0.002219219,0,0,0,0
LK16S009-099,0.010108613,0.096998857,0,0.002848704,0.036871189,0,0.853172637,0,0,0,0
LK16S009-100,0,0.921423277,0,0.041512231,0,0,0.037064492,0,0,0,0
LK16S009-101,0.008688281,0.072492246,0,0,0.052553507,0,0.866265965,0,0,0,0
LK16S009-102,0,0.808762581,0,0.119005329,0.07223209,0,0,0,0,0,0
LK16S009-103,0.009358605,0.818405256,0,0.01023302,0.05816042,0,0.099163397,0.004679302,0,0,0
LK16S009-104,0,0.92201556,0,0.00632142,0.037746171,0,0.033916849,0,0,0,0
LK16S009-105,0.113934893,0.004118696,0,0.001178681,0.119133417,0,0.760970252,0,0,0.000664062,0
LK16S009-106,0.017042568,0.035238552,0,0.911958351,0.033439287,0,0.002271382,0,0,4.98605E-05,0
LK16S009-107,0.007507119,0.115195444,0,0.001632848,0.027718593,0,0.846472451,0,0.001473546,0,0
LK16S009-108,0,1,0,0,0,0,0,0,0,0,0
LK16S009-109,0.017855543,0.031545091,0,0.001101973,0.031195685,0,0.918301708,0,0,0,0
LK16S009-110,0,1,0,0,0,0,0,0,0,0,0
LK16S009-111,0,0.924446203,0,0,0.007318038,0,0.048655063,0,0.019580696,0,0
LK16S009-112,0,0.957198444,0,0,0.030263727,0,0.01253783,0,0,0,0
LK16S009-113,0,0.928,0,0,0,0,0.072,0,0,0,0
LK16S009-114,0,0.91797676,0,0.018455229,0,0,0.028024607,0,0.035543404,0,0
LK16S009-115,0,0.859522085,0,0,0.078928313,0,0.061549602,0,0,0,0
LK16S009-116,0,0.984158416,0,0,0.015841584,0,0,0,0,0,0
LK16S009-117,0.012234043,0.904255319,0,0,0.05106383,0,0.032446809,0,0,0,0
LK16S009-118,0,0.83127572,0,0,0,0,0,0.16872428,0,0,0
LK16S009-119,0.00388551,0.509110435,0,0,0.478846896,0,0.007421083,0,0.000736075,0,0
LK16S009-120,0,0.893141359,0,0,0.106858641,0,0,0,0,0,0
LK16S009-121,0,1,0,0,0,0,0,0,0,0,0
LK16S009-122,0,1,0,0,0,0,0,0,0,0,0
LK16S009-123,0,1,0,0,0,0,0,0,0,0,0
LK16S009-124,0,1,0,0,0,0,0,0,0,0,0
LK16S009-125,0,0.145942408,0,0.056937173,0.097513089,0,0,0.69960733,0,0,0
LK16S009-126,0,1,0,0,0,0,0,0,0,0,0
LK16S009-127,0,0.308250227,0,0,0.655711695,0,0.036038078,0,0,0,0
LK16S009-128,0,1,0,0,0,0,0,0,0,0,0
LK16S009-129,0,1,0,0,0,0,0,0,0,0,0
LK16S009-130,4.03502E-05,0.005921398,0,0.002340314,0.001028931,0,0,0.990669007,0,0,0
LK16S009-131,0.005541498,0.834539474,0,0.06520749,0.063992915,0,0.02659413,0,0.004124494,0,0
LK16S009-132,0.001807384,0.024154847,0,0.057676042,0.097064558,0,0,0.819110197,0.000186971,0,0
LK16S009-133,0.059303998,0.171124533,0.005004314,0,0.015012942,0.030313489,0.0135174,0,0,0.705723325,0
LK16S009-134,0.007922173,0.002583566,0,0.116203301,0.389055284,0,0,0.484235676,0,0,0
LK16S009-135,0,0.946246113,0,0,0.053753887,0,0,0,0,0,0
LK16S009-136,0.031,0.829,0,0,0.14,0,0,0,0,0,0
LK16S009-137,0,0.947126437,0,0,0.052873563,0,0,0,0,0,0
LK16S009-138,2.12086E-05,0.002142069,0,0.000855414,0.000982665,0,0,0.995998643,0,0,0
LK16S009-139,0,0.890762206,0,0.016157359,0.09027046,0,0,0,0.002809975,0,0
LK16S009-140,0.002111461,0.006134561,0,0.063949964,0.117942091,0,0,0.809861922,0,0,0
LK16S009-141,0,0.986580287,0,0,0,0,0.013419713,0,0,0,0
LK16S009-142,0,0.990946502,0,0,0,0,0.009053498,0,0,0,0
LK16S009-143,0,1,0,0,0,0,0,0,0,0,0
LK16S009-144,0,0.907053395,0,0.092946605,0,0,0,0,0,0,0
LK16S009-145,0,0.838565022,0,0,0.161434978,0,0,0,0,0,0
LK16S009-146,0,0.742138365,0,0.089727463,0.168134172,0,0,0,0,0,0
LK16S009-147,0,0.956868158,0,0,0.03368821,0,0.006669309,0,0.002774323,0,0
LK16S009-148,0.002598066,0.957553821,0,0.001632118,0.027601674,0,0,0.00296446,0.007649861,0,0
LK16S009-149,0.00137676,0.982692156,0,0,0.006175753,0,0,0.005880733,0.003874597,0,0
LK16S009-150,0.035805627,0.841432225,0,0,0.046035806,0,0,0.076726343,0,0,0
LK16S009-151,0,1,0,0,0,0,0,0,0,0,0
LK16S009-152,0.081165453,0.368886576,0,0,0.014568158,0,0,0,0,0.535379813,0
LK16S009-153,0,0.900983815,0.00761663,0.032688036,0.05871152,0,0,0,0,0,0
LK16S009-154,0,0.861111111,0,0,0,0,0.138888889,0,0,0,0
LK16S009-155,0.003107345,0.746327684,0,0,0.18559322,0,0.039830508,0.025141243,0,0,0
LK16S009-156,0,0.922830612,0,0,0.025936599,0,0,0.020493116,0.030739673,0,0
LK16S009-157,0.002718623,0.997281377,0,0,0,0,0,0,0,0,0
LK16S009-158,0,1,0,0,0,0,0,0,0,0,0
LK16S009-159,0,1,0,0,0,0,0,0,0,0,0
LK16S009-160,0,1,0,0,0,0,0,0,0,0,0
LK16S009-161,0,0.979047511,0,0,0.009626819,0,0,0.005606206,0.005719463,0,0
LK16S009-162,0,1,0,0,0,0,0,0,0,0,0
LK16S009-163,0,0.985501695,0,0,0.009774297,0,0,0.001886766,0.002837242,0,0
LK16S009-164,0.002172474,0.988798181,0,0,0.003750912,0,0.001646328,0,0.003632105,0,0
LK16S009-165,0.007071302,0.933411903,0,0.04655274,0,0,0.012964054,0,0,0,0
LK16S009-166,0,0.956496293,0,0.035895435,0.006671869,0,0,0.000936403,0,0,0
LK16S009-167,0,0.926893003,0,0.003180327,0.042438115,0.016286513,0.010533566,0,0,0.000668476,0
LK16S009-168,0.011572773,0.79592231,0,0.027342652,0.099132481,0.005812728,0.006725906,0.008306406,0,0.045184743,0
LK16S009-169,0.055947854,0.944052146,0,0,0,0,0,0,0,0,0
LK16S009-170,0,1,0,0,0,0,0,0,0,0,0
LK16S009-171,0,0.985700483,0,0,0,0,0,0,0.014299517,0,0
LK16S009-172,0,1,0,0,0,0,0,0,0,0,0
LK16S009-173,0,1,0,0,0,0,0,0,0,0,0
LK16S009-174,0,0.96309087,0,0.03690913,0,0,0,0,0,0,0
LK16S009-175,0.03043022,0.345750262,0,0,0.040398741,0,0,0,0,0.583420776,0
LK16S009-176,0,0.982507289,0,0.017492711,0,0,0,0,0,0,0
LK16S009-177,0,0.976688103,0,0,0.023311897,0,0,0,0,0,0
LK16S009-178,0,1,0,0,0,0,0,0,0,0,0
LK16S009-179,0,0.979469399,0,0.001129767,0.018660641,0.000740192,0,0,0,0,0
LK16S009-180,0.023750751,0.696777637,0,0,0.009640403,0.017612916,0,0,0,0.252218293,0
LK16S009-185,0,1,0,0,0,0,0,0,0,0,0
LK16S009-186,0,1,0,0,0,0,0,0,0,0,0
LK16S009-187,0,1,0,0,0,0,0,0,0,0,0
LK16S009-188,0,1,0,0,0,0,0,0,0,0,0
LK16S011-001,0,0.702348674,0,0,0.001584563,0,0.296066763,0,0,0,0
LK16S011-002,0,0.799346287,0,0.061194843,0.054839295,0,0.084619575,0,0,0,0
LK16S011-003,0,0.93405458,0,0,0.061083085,0,0.004862335,0,0,0,0
LK16S011-004,0.000425125,0.845201403,0,0.006536295,0.105643533,0.003082155,0.037410989,0,0,0.0017005,0
LK16S011-005,0,0.905828349,0,0,0.09111142,0,0.003060231,0,0,0,0
LK16S011-006,0,1,0,0,0,0,0,0,0,0,0
LK16S011-007,0,0.850563811,0,0,0.149436189,0,0,0,0,0,0
LK16S011-008,0,0.860343017,0,0,0.08260413,0.022051103,0.03500175,0,0,0,0
LK16S011-009,0,0.112493013,0,0,0.001641979,0.005275293,0.880589715,0,0,0,0
LK16S011-010,0,0.439935065,0,0.279220779,0.230519481,0,0.050324675,0,0,0,0
LK16S011-011,0,0.972796143,0,0,0.027203857,0,0,0,0,0,0
LK16S011-012,0,0.357692308,0,0,0.642307692,0,0,0,0,0,0
LK16S011-013,0,0.802566634,0,0,0.197433366,0,0,0,0,0,0
LK16S011-014,0,1,0,0,0,0,0,0,0,0,0
LK16S011-015,0,0.893975904,0,0,0.106024096,0,0,0,0,0,0
LK16S011-016,0,1,0,0,0,0,0,0,0,0,0
LK16S011-017,0,0.16200648,0,0,0.83799352,0,0,0,0,0,0
LK16S011-018,0,0.883530015,0,0,0.100051308,0,0.016418676,0,0,0,0
LK16S011-019,0,0.177893395,0,0,0.820004824,0,0.002101781,0,0,0,0
LK16S011-020,0,0.953068592,0,0,0.019494585,0,0.027436823,0,0,0,0
LK16S011-021,0,0.611553294,0,0,0.373553787,0,0.013251826,0,0,0.000738492,0.000902601
LK16S011-022,0,0.732199787,0,0.091392136,0.130712009,0.023379384,0.022316684,0,0,0,0
LK16S011-023,0,0.078088775,0,0,0.909876491,0,0.012034734,0,0,0,0
LK16S011-024,0,0.702932829,0,0,0.297067171,0,0,0,0,0,0
LK16S011-025,0,0.203736883,0,0,0.796263117,0,0,0,0,0,0
LK16S011-026,0,0.769230769,0,0,0.230769231,0,0,0,0,0,0
LK16S011-027,0,0.088294024,0,0,0.910259007,0,0.001446969,0,0,0,0
LK16S011-028,0,0.861176471,0,0,0.138823529,0,0,0,0,0,0
LK16S011-029,0,0.434513274,0,0,0.549262537,0,0.016224189,0,0,0,0
LK16S011-030,0,0.941860465,0,0,0.058139535,0,0,0,0,0,0
LK16S011-031,0,0.061443466,0,0,0.928788339,0,0.009768195,0,0,0,0
LK16S011-032,0,0.943396226,0,0,0.056603774,0,0,0,0,0,0
LK16S011-033,0,0.108079748,0,0.132214061,0.759706191,0,0,0,0,0,0
LK16S011-034,0,0.999574428,0,0,0,0,0,0.000425572,0,0,0
LK16S011-035,0.012820513,0.908653846,0,0.024706197,0.042401175,0,0.010416667,0,0,0,0.001001603
LK16S011-036,0,0.547170847,0,0.005488173,0.44734098,0,0,0,0,0,0
LK16S011-037,0,1,0,0,0,0,0,0,0,0,0
LK16S011-038,0.028636021,0.637528259,0,0,0.296156745,0,0.037678975,0,0,0,0
LK16S011-039,0,0.788395904,0,0,0.211604096,0,0,0,0,0,0
LK16S011-040,0,0.986364914,0,0,0.005529004,0,0,0.008106082,0,0,0
LK16S011-041,0,0.358549687,0,0.11996419,0.521486124,0,0,0,0,0,0
LK16S011-042,0,0.998753965,0,0,0,0,0,0.001246035,0,0,0
LK16S011-043,0.048152296,0.927211646,0,0.024636058,0,0,0,0,0,0,0
LK16S011-044,0,0.934571176,0,0,0.065428824,0,0,0,0,0,0
LK16S011-045,0,1,0,0,0,0,0,0,0,0,0
LK16S011-046,0.338912134,0.456066946,0,0,0.150627615,0,0.054393305,0,0,0,0
LK16S011-047,0,0.7421875,0,0,0.1015625,0.15625,0,0,0,0,0
LK16S011-048,0,0.996441281,0,0,0,0,0,0.003558719,0,0,0
LK16S011-049,0,0.994797086,0,0,0.005202914,0,0,0,0,0,0
LK16S011-050,0,0.873100403,0,0.018573841,0.108325757,0,0,0,0,0,0
LK16S011-051,0.040880503,0.389937107,0,0,0.56918239,0,0,0,0,0,0
LK16S011-052,0,0.651162791,0,0,0.348837209,0,0,0,0,0,0
LK16S011-053,0,0.221656051,0,0,0.778343949,0,0,0,0,0,0
LK16S011-054,0,0.033010576,0,0,0.966989424,0,0,0,0,0,0
LK16S011-055,0.001878616,0.717330862,0,0.005109836,0.274428274,0,0,0,0,0,0.001252411
LK16S011-057,0,1,0,0,0,0,0,0,0,0,0
LK16S011-058,0,0.986539781,0,0.011316872,0.002143347,0,0,0,0,0,0
LK16S011-059,0,1,0,0,0,0,0,0,0,0,0
LK16S011-060,0,1,0,0,0,0,0,0,0,0,0
LK16S011-061,0,0.247855918,0,0,0.752144082,0,0,0,0,0,0
LK16S011-062,0,0.013993898,0,0,0.986006102,0,0,0,0,0,0
LK16S011-063,0.002521143,0.494900415,0,0.006532053,0.496046389,0,0,0,0,0,0
LK16S011-065,0,0.719433828,0,0,0.275820068,0,0.004746104,0,0,0,0
LK16S011-066,0,0.960064781,0,0.002014536,0.015207774,0,0.022041397,0,0,0,0.000671512
LK16S011-067,0.000430601,0.697095833,0,0,0.297162815,0,0.005310751,0,0,0,0
LK16S011-068,0,0.951060359,0,0,0.048939641,0,0,0,0,0,0
LK16S011-069,0,0.453563715,0,0,0.524118071,0,0.022318215,0,0,0,0
LK16S011-070,0,0.990789294,0,0,0.004194975,0,0.003055036,0.001960695,0,0,0
LK16S011-071,0,0.361477573,0,0,0.638522427,0,0,0,0,0,0
LK16S011-072,0,0.761904762,0,0.238095238,0,0,0,0,0,0,0
LK16S011-073,0,0.6,0,0,0.4,0,0,0,0,0,0
LK16S011-074,0,0.962142198,0,0,0,0,0.037857802,0,0,0,0
LK16S011-075,0,0.732193732,0,0,0.219373219,0,0,0,0,0,0.048433048
LK16S011-076,0,1,0,0,0,0,0,0,0,0,0
LK16S011-077,0,0.737113402,0,0,0.262886598,0,0,0,0,0,0
LK16S011-078,0.020100503,0.979899497,0,0,0,0,0,0,0,0,0
LK16S011-079,0,0.737762238,0,0,0.262237762,0,0,0,0,0,0
LK16S011-080,0,0.977366255,0,0,0.022633745,0,0,0,0,0,0
LK16S011-081,0,0.673295455,0.038352273,0,0.288352273,0,0,0,0,0,0
LK16S011-082,0,0.601486375,0,0.01849711,0.37192403,0,0.008092486,0,0,0,0
LK16S011-083,0,0.995200749,0,0,0.004799251,0,0,0,0,0,0
LK16S011-084,0,0.638333333,0,0,0.361666667,0,0,0,0,0,0
LK16S011-085,0,0.812182741,0,0,0.187817259,0,0,0,0,0,0
LK16S011-086,0,0.913407821,0,0,0.086592179,0,0,0,0,0,0
LK16S011-087,0,0.933638444,0,0,0.052631579,0,0.013729977,0,0,0,0
LK16S011-088,0,0.834920635,0,0,0.165079365,0,0,0,0,0,0
LK16S011-089,0,0.920863309,0,0,0.079136691,0,0,0,0,0,0
LK16S011-090,0,0.459005947,0,0.017841971,0.515080714,0,0,0,0,0.008071368,0
LK16S011-091,0,1,0,0,0,0,0,0,0,0,0
LK16S011-092,0,1,0,0,0,0,0,0,0,0,0
LK16S011-093,0,1,0,0,0,0,0,0,0,0,0
LK16S011-094,0.078947368,0.921052632,0,0,0,0,0,0,0,0,0
LK16S011-095,0,1,0,0,0,0,0,0,0,0,0
LK16S011-096,0,1,0,0,0,0,0,0,0,0,0
LK16S011-097,0,0.75,0,0,0.25,0,0,0,0,0,0
LK16S011-098,0.006287227,0.695979484,0,0,0.291363336,0,0.006369954,0,0,0,0
LK16S011-099,0.021978022,0.798534799,0,0.024594453,0.154892726,0,0,0,0,0,0
LK16S011-100,0,0.731840367,0,0.017513638,0.239161642,0,0.011484353,0,0,0,0
LK16S011-101,0,0.629300777,0,0,0.370699223,0,0,0,0,0,0
LK16S011-102,0,1,0,0,0,0,0,0,0,0,0
LK16S011-103,0,0.804235294,0,0,0.195764706,0,0,0,0,0,0
LK16S011-104,0.029948868,0.844046749,0,0.096055515,0.013148283,0.016800584,0,0,0,0,0
LK16S011-105,0.062947067,0.359084406,0,0,0.577968526,0,0,0,0,0,0
LK16S011-106,0,0.925840093,0,0,0.074159907,0,0,0,0,0,0
LK16S011-107,0,0.487895717,0,0.059590317,0.452513966,0,0,0,0,0,0
LK16S011-108,0,0.886925795,0,0,0.113074205,0,0,0,0,0,0
LK16S011-109,0,0.793650794,0,0,0.206349206,0,0,0,0,0,0
LK16S011-110,0,1,0,0,0,0,0,0,0,0,0
LK16S011-111,0,0.830142063,0,0,0.169857937,0,0,0,0,0,0
LK16S011-112,0,0.995768688,0,0,0,0,0.004231312,0,0,0,0
LK16S011-113,0,0.871921182,0,0,0.128078818,0,0,0,0,0,0
LK16S011-114,0,0.725352113,0,0,0.274647887,0,0,0,0,0,0
LK16S011-115,0,0.815705128,0,0,0.157051282,0,0,0,0,0,0.02724359
LK16S011-116,0,0.875894988,0,0,0.101431981,0,0.022673031,0,0,0,0
LK16S011-117,0,0.820326679,0,0,0.139745917,0,0.039927405,0,0,0,0
LK16S011-118,0,1,0,0,0,0,0,0,0,0,0
LK16S011-119,0.00385208,0.854391371,0,0,0.141756549,0,0,0,0,0,0
LK16S011-120,0,1,0,0,0,0,0,0,0,0,0
LK16S011-121,0,1,0,0,0,0,0,0,0,0,0
LK16S011-122,0,1,0,0,0,0,0,0,0,0,0
LK16S011-123,0,0.990243902,0,0,0.009756098,0,0,0,0,0,0
LK16S011-124,0,1,0,0,0,0,0,0,0,0,0
LK16S011-125,0,1,0,0,0,0,0,0,0,0,0
LK16S011-126,0,1,0,0,0,0,0,0,0,0,0
LK16S011-127,0,0.984423676,0,0,0.015576324,0,0,0,0,0,0
LK16S011-128,0,1,0,0,0,0,0,0,0,0,0
LK16S011-129,0,0.937675326,0,0.005793389,0.041895353,0,0.006708135,0,0,0,0.007927796
LK16S011-130,0,0.785145587,0,0,0.166628753,0,0.01922202,0,0,0,0.02900364
LK16S011-131,0,0.419713831,0,0,0.488076312,0,0,0.092209857,0,0,0
LK16S011-132,0,0.26384738,0,0,0.73438434,0,0.001768281,0,0,0,0
LK16S011-133,0.007154022,0.33786221,0,0,0.439220873,0,0,0.211494529,0,0.004268366,0
LK16S011-134,0,0.748700173,0,0,0.251299827,0,0,0,0,0,0
LK16S011-135,0.001549554,0.404212257,0,0.011953703,0.284295743,0,0,0.297988742,0,0,0
LK16S011-136,0,0.98853211,0,0.01146789,0,0,0,0,0,0,0
LK16S011-137,0,0.768931093,0,0,0.161918675,0,0,0,0,0,0.069150231
LK16S011-138,0.019047619,0.586666667,0,0,0.328571429,0,0.065714286,0,0,0,0
LK16S011-139,0,0.435483871,0,0,0.524193548,0,0,0.040322581,0,0,0
LK16S011-140,0,0.119672131,0,0,0.880327869,0,0,0,0,0,0
LK16S011-141,0,0.709657321,0,0,0.277258567,0,0,0.013084112,0,0,0
LK16S011-142,0,0.989552239,0,0,0.010447761,0,0,0,0,0,0
LK16S011-143,0,0.429938483,0,0,0.213260424,0,0,0.356801094,0,0,0
LK16S011-144,0.066982409,0.839648173,0,0.068335589,0,0,0.025033829,0,0,0,0
LK16S011-145,0,0.108363434,0,0,0.504584607,0,0,0.387051959,0,0,0
LK16S011-146,0,0.969180328,0,0.01136612,0.019453552,0,0,0,0,0,0
LK16S011-147,0,0.032019929,0,0,0.848619254,0,0,0.119360817,0,0,0
LK16S011-148,0,0.627439724,0,0,0.372560276,0,0,0,0,0,0
LK16S011-149,0.059197065,0.425903714,0,0,0.480773301,0,0.001787436,0.032338484,0,0,0
LK16S011-150,0.007397424,0.83704702,0,0.00296496,0.139742438,0,0.010931417,0,0,0,0.001916742
LK16S011-151,0.063857402,0.598805918,0,0,0.322402007,0,0.012875314,0.002059358,0,0,0
LK16S011-152,0.002181138,0.973307021,0,0.000893228,0.023618612,0,0,0,0,0,0
LK16S011-153,0,0.388919066,0,0,0.326453015,0,0,0.28462792,0,0,0
LK16S011-154,0,0.961111111,0,0.038888889,0,0,0,0,0,0,0
LK16S011-155,0,0.035183325,0,0,0.87503767,0,0,0.089779006,0,0,0
LK16S011-156,0,0.951492537,0,0,0,0.048507463,0,0,0,0,0
LK16S011-157,0.012064414,0.823231257,0.000343189,0,0.145749736,0,0.002402323,0.016209081,0,0,0
LK16S011-158,0,0.846405764,0,0,0.146266579,0,0.007327657,0,0,0,0
LK16S011-159,0.017969147,0.852856416,0,0,0.123410748,0,0,0.005763689,0,0,0
LK16S011-160,0,0.952380952,0,0,0.020120724,0,0.027498323,0,0,0,0
LK16S011-161,0.041618341,0.660229645,0,0,0.231288178,0,0.062475837,0.004388,0,0,0
LK16S011-162,0,0.998703022,0,0,0,0,0.001296978,0,0,0,0
LK16S011-163,0.093003076,0.413761142,0,0,0.430523783,0,0.029679735,0.033032263,0,0,0
LK16S011-164,0,0.890950521,0,0,0.109049479,0,0,0,0,0,0
LK16S011-165,0.014018477,0.499639963,0,0,0.482358168,0,0,0.003983392,0,0,0
LK16S011-166,0.000207689,0.914369977,0,0.001910735,0.080603959,0,0.002907641,0,0,0,0
LK16S011-167,0.004724628,0.933530965,0,0,0.047199963,0,0.014544444,0,0,0,0
LK16S011-168,0,0.990352617,0,0.003798447,0.004000134,0,0.001848802,0,0,0,0
LK16S011-169,0.03560329,0.757373306,0,0,0.186896129,0,0.014038352,0.006088924,0,0,0
LK16S011-170,0,1,0,0,0,0,0,0,0,0,0
LK16S011-171,0.10466056,0.391567888,0,0,0.465190117,0,0,0.038581435,0,0,0
LK16S011-172,0,0.802758621,0,0,0.197241379,0,0,0,0,0,0
LK16S011-173,0,0.513893881,0,0,0.483968599,0,0,0.00213752,0,0,0
LK16S011-174,0,0.948377925,0,0,0.051622075,0,0,0,0,0,0
LK16S011-175,0,0.929723502,0,0,0,0,0.070276498,0,0,0,0
LK16S011-176,0,0.972417523,0,0,0.027582477,0,0,0,0,0,0
LK16S011-177,0.006225241,0.929132868,0,0.01653776,0.028799598,0,0.019304534,0,0,0,0
LK16S011-178,0,0.865591398,0,0.033602151,0,0,0.100806452,0,0,0,0
LK16S011-179,0,0.939058172,0,0,0.047553093,0,0.013388735,0,0,0,0
LK16S011-180,0,1,0,0,0,0,0,0,0,0,0
LK16S011-181,0.010062182,0.928094969,0,0.013340871,0.038609384,0,0.005257207,0.004635387,0,0,0
LK16S011-182,0,0.874547648,0,0,0.068757539,0,0.056694813,0,0,0,0
LK16S011-183,0.022228195,0.830210993,0,0.01604623,0.115656498,0,0.015858084,0,0,0,0
LK16S011-184,0.004229742,0.907390917,0,0.005966162,0.042920748,0,0.03713268,0.002359751,0,0,0
LK16S011-185,0,0.973819742,0,0,0.026180258,0,0,0,0,0,0
LK16S011-186,0,0.973451327,0,0,0,0,0.026548673,0,0,0,0
LK16S011-187,0,1,0,0,0,0,0,0,0,0,0
LK16S011-188,0,0.83411215,0.039719626,0,0.051401869,0,0,0,0,0.074766355,0
LK16S011-189,0,0.985443959,0,0,0.014556041,0,0,0,0,0,0
LK16S011-190,0,0.844559585,0,0,0.094991364,0,0,0,0,0.06044905,0
LK16S011-191,0.054139215,0.83271269,0,0,0.113148095,0,0,0,0,0,0
LK16S011-192,0,0.944333996,0,0,0.055666004,0,0,0,0,0,0
LK16S011-193,0,0.944700461,0,0,0.055299539,0,0,0,0,0,0
LK16S011-194,0,0.896237719,0,0,0.047927151,0,0.055835131,0,0,0,0
LK16S011-195,0,1,0,0,0,0,0,0,0,0,0
LK16S011-196,0,0.877385959,0,0,0.044322226,0,0.078291815,0,0,0,0
LK16S011-197,0,0.891437309,0,0.033639144,0,0,0.074923547,0,0,0,0
LK16S011-198,0,0.829484902,0,0,0.076376554,0,0.094138544,0,0,0,0
LK16S011-199,0,0.972544879,0,0,0,0,0.027455121,0,0,0,0
LK16S011-200,0,0.890824623,0,0,0.075493612,0,0.033681765,0,0,0,0
LK16S011-201,0,0.958671587,0,0,0.041328413,0,0,0,0,0,0
LK16S011-202,0,0.773674589,0,0,0.165265082,0,0.061060329,0,0,0,0
LK16S011-203,0,1,0,0,0,0,0,0,0,0,0
LK16S011-204,0,0.94005102,0,0,0.05994898,0,0,0,0,0,0
LK16S011-205,0,0.950911641,0,0,0.049088359,0,0,0,0,0,0
LK16S011-206,0,1,0,0,0,0,0,0,0,0,0
LK16S011-207,0,0.943095073,0.022206801,0,0.034698126,0,0,0,0,0,0
LK16S011-208,0,0.980823864,0,0,0,0,0.019176136,0,0,0,0
LK16S011-209,0,0.767674405,0,0,0.109233378,0.000935618,0.122156599,0,0,0,0
LK16S011-210,0,0.98315349,0,0,0.007465316,0,0.009381194,0,0,0,0
LK16S011-211,0,0.961149093,0,0,0.033164607,0,0.0056863,0,0,0,0
LK16S011-212,0,0.976954733,0,0,0.023045267,0,0,0,0,0,0
LK16S011-213,0,0.951898488,0,0.002816172,0.038552423,0,0.006732917,0,0,0,0
LK16S011-214,0.049151028,0.908847185,0,0,0.042001787,0,0,0,0,0,0
LK16S011-215,0.002939981,0.958496231,0.001438714,0,0.032089576,0,0.005035499,0,0,0,0
LK16S011-216,0,0.973941368,0,0,0.026058632,0,0,0,0,0,0
LK16S011-217,0,0.749714286,0,0,0.149714286,0,0.100571429,0,0,0,0
LK16S011-218,0,0.942470501,0,0,0.013686011,0,0.043053911,0,0,0,0.000789578
LK16S011-219,0,0.914772727,0,0,0.085227273,0,0,0,0,0,0
LK16S011-220,0,1,0,0,0,0,0,0,0,0,0
LK16S011-221,0,1,0,0,0,0,0,0,0,0,0
LK16S011-222,0,1,0,0,0,0,0,0,0,0,0
LK16S011-223,0.009195402,0.979770115,0,0,0.011034483,0,0,0,0,0,0
LK16S011-224,0,1,0,0,0,0,0,0,0,0,0
LK16S011-225,0.002407287,0.855139883,0,0,0.0870527,0.00432661,0.05107352,0,0,0,0
LK16S011-226,0,0.843354034,0,0,0.094377454,0.003313932,0.05895458,0,0,0,0
LK16S011-227,0,0.382208425,0,0,0.612945013,0,0.002590789,0.002255773,0,0,0
LK16S011-228,0.000818901,0.73343241,0,0,0.210184708,0.001334506,0.043978041,0.010251433,0,0,0
LK16S011-229,0,0.743595745,0,0.003719019,0.249122259,0,0.003562976,0,0,0,0
LK16S011-230,0,0.850013273,0,0,0.094770374,0,0.055216353,0,0,0,0
LK16S011-231,0,0.947087476,0,0,0.047463357,0,0.005449167,0,0,0,0
LK16S011-232,0,0.88125,0,0,0.060714286,0,0.058035714,0,0,0,0
LK16S011-233,0,0.821617229,0,0,0.135310849,0,0.043071922,0,0,0,0
LK16S011-234,0,0.796407186,0,0,0.137350299,0,0.066242515,0,0,0,0
LK16S011-235,0,0.205011186,0,0,0.791275168,0,0.003713647,0,0,0,0
LK16S011-236,0,0.671929159,0,0,0.265351044,0.000809614,0.050727388,0.011182796,0,0,0
LK16S011-237,0,0.957874763,0,0,0.042125237,0,0,0,0,0,0
LK16S011-238,0,0.882403433,0,0,0.117596567,0,0,0,0,0,0
LK16S011-239,0,0.90760673,0,0,0.088466771,0,0.003926499,0,0,0,0
LK16S011-240,0,0.876315789,0,0,0.080263158,0,0.043421053,0,0,0,0
LK16S011-241,0,0.853345693,0,0.004419246,0.137190653,0,0.005044408,0,0,0,0
LK16S011-242,0.055674518,0.682012848,0,0.104925054,0.128479657,0,0,0.028907923,0,0,0
LK16S011-243,0,0.46178331,0,0,0.44637499,0,0.0918417,0,0,0,0
LK16S011-244,0.057847534,0.692825112,0,0.024663677,0.190134529,0.009865471,0.024663677,0,0,0,0
LK16S011-245,0,0.976931567,0,0,0.023068433,0,0,0,0,0,0
LK16S011-246,0.049381867,0.830592445,0,0.049014886,0.060689465,0.000802771,0.00552765,0.003990917,0,0,0
LK16S011-247,0,0.783874046,0,0,0.211593511,0,0.004532443,0,0,0,0
LK16S011-248,0.079034942,0.784941764,0,0,0.114808652,0.021214642,0,0,0,0,0
LK16S011-249,0,0.659672606,0,0,0.340327394,0,0,0,0,0,0
LK16S011-250,0,0.944047619,0,0,0.055952381,0,0,0,0,0,0
LK16S011-251,0,0.154462392,0,0,0.797549546,0,0.047988062,0,0,0,0
LK16S011-252,0.09039548,0.693301049,0,0,0.216303471,0,0,0,0,0,0
LK16S011-253,0,0.977723665,0,0,0.018398268,0,0.003878066,0,0,0,0
LK16S011-254,0.008616188,0.757963446,0,0.070234987,0.086422977,0.009660574,0,0,0,0,0.067101828
LK16S011-255,0,0.898691797,0,0,0.101308203,0,0,0,0,0,0
LK16S011-256,0.047932894,0.851408029,0,0,0.018573996,0.035350509,0.016177352,0.009586579,0,0.020970641,0
LK16S011-257,0,0.996293729,0,0,0.003706271,0,0,0,0,0,0
LK16S011-258,0,0.48,0,0.175584416,0.336623377,0,0,0,0,0,0.007792208
LK16S011-259,0,0.907773806,0,0.005488895,0.072025785,0.001978555,0.010052336,0.001627521,0,0,0.001053102
LK16S011-260,0.013003096,0.542414861,0,0.091021672,0.308359133,0,0,0.045201238,0,0,0
LK16S011-261,0,0.291675686,0,0,0.429949251,0,0.277869976,0,0,0,0.000505087
LK16S011-262,0.12547401,0.671069264,0,0.009002967,0.162930479,0.025151554,0.006371727,0,0,0,0
LK16S011-263,0.000377045,0.867694744,0,0.014855592,0.090641731,0,0.023112887,0,0,0.003318,0
LK16S011-264,0,0.90458944,0,0.006819082,0.065276442,0,0.009591987,0,0,0.013723049,0
LK16S011-265,0,0.993817909,0,0,0.001391639,0,0,0,0,0.004790451,0
LK16S011-266,0,0.822164948,0,0.177835052,0,0,0,0,0,0,0
LK16S011-267,0,0.862410072,0,0,0.137589928,0,0,0,0,0,0
LK16S011-268,0,0.823529412,0,0.108071135,0,0,0.068399453,0,0,0,0
LK16S011-269,0.000799587,0.124868818,0,0,0.479252386,0.00068298,0.394396229,0,0,0,0
LK16S011-270,0,0.660816619,0,0.021848138,0.223495702,0.070558739,0.023280802,0,0,0,0
LK16S011-271,0,0.826492537,0,0,0.096393035,0,0.042288557,0,0,0.034825871,0
LK16S011-272,0,0.883534137,0,0,0.116465863,0,0,0,0,0,0
LK16S011-273,0,0.987747608,0,0,0.012252392,0,0,0,0,0,0
LK16S011-274,0,0.986825193,0,0,0.013174807,0,0,0,0,0,0
LK16S011-275,0.002628614,0.986481412,0,0.001809306,0.007715154,0,0,0,0,0.000341378,0.001024135
LK16S011-276,0,0.888198758,0,0,0,0,0.111801242,0,0,0,0
LK16S011-277,0,0.989642641,0,0,0.009903089,0,0.00045427,0,0,0,0
LK16S011-278,0,1,0,0,0,0,0,0,0,0,0
LK16S011-279,0.000831716,0.922888035,0,0.010297438,0.060952909,0,0.005029902,0,0,0,0
LK16S011-280,0,0.942275297,0,0.007112642,0.045932692,0,0.002246097,0,0,0,0.002433272
LK16S011-281,0,0.98404641,0,0,0.01595359,0,0,0,0,0,0
LK16S011-282,0,0.985257985,0,0,0.014742015,0,0,0,0,0,0
LK16S011-283,0,1,0,0,0,0,0,0,0,0,0
LK16S011-284,0,1,0,0,0,0,0,0,0,0,0
LK16S011-285,0,0.843013226,0,0,0.100345026,0,0.056641748,0,0,0,0
LK16S011-286,0,0.906693712,0,0,0.093306288,0,0,0,0,0,0
LK16S011-287,0,0.97752809,0,0,0.02247191,0,0,0,0,0,0
LK16S011-288,0.002904966,0.91596348,0,0.015251072,0.058963895,0,0.006916586,0,0,0,0
LK16S011-289,0.005955335,0.808105873,0,0.041191067,0.029445823,0.012076096,0.075599669,0,0,0.027626137,0
LK16S011-290,0,0.86873706,0.009937888,0.010600414,0.003229814,0.00563147,0.101863354,0,0,0,0
LK16S011-291,0.023044397,0.872938689,0,0.029386892,0.03192389,0.009725159,0.032980973,0,0,0,0
LK16S011-292,0,0.974747475,0.025252525,0,0,0,0,0,0,0,0
LK16S011-293,0,0.812732754,0,0,0,0,0.187267246,0,0,0,0
LK16S011-294,0,1,0,0,0,0,0,0,0,0,0
LK16S011-295,0,0.962950431,0,0,0.017255963,0,0.007612925,0,0,0,0.01218068
LK16S011-296,0,0.990359659,0,0,0,0.009640341,0,0,0,0,0
LK16S011-297,0,0.895296392,0,0,0.015141753,0,0.089561856,0,0,0,0
LK16S011-298,0,0.98488949,0,0,0,0,0.01511051,0,0,0,0
LK16S011-299,0.019166106,0.861466039,0,0,0.039677202,0,0.079690652,0,0,0,0
LK16S011-300,0,0.989820156,0,0,0,0,0.010179844,0,0,0,0
LK16S011-301,0,0.985644258,0,0,0.014355742,0,0,0,0,0,0
LK16S011-302,0,0.975605681,0,0,0.024394319,0,0,0,0,0,0
LK16S011-303,0.010566858,0.983112779,0,0,0.006320363,0,0,0,0,0,0
LK16S011-304,0,1,0,0,0,0,0,0,0,0,0
LK16S011-305,0,0.480546215,0,0.104501802,0.330663115,0,0,0.084288868,0,0,0
LK16S011-306,0.004345236,0.933349686,0,0.017118127,0.029943582,0,0.015243368,0,0,0,0
LK16S011-307,0.001078493,0.586854238,0,0.109555922,0.269658793,0,0.001351079,0.031181483,0,0,0.000319992
LK16S011-308,0,0.991577081,0,0.00576305,0,0.002659869,0,0,0,0,0
LK16S011-309,0.001309209,0.491319117,0,0.092352331,0.310459521,0,0.003314305,0.100903472,0,0,0.000342046
LK16S011-310,0,0.983169031,0,0,0.008655927,0,0.008175042,0,0,0,0
LK16S011-311,0,0.584578663,0,0.078767123,0.245991594,0,0.005980178,0.084682441,0,0,0
LK16S011-312,0,0.516959219,0,0.012142009,0.005543091,0.007786723,0,0.457568959,0,0,0
LK16S011-313,0.003787054,0.312280702,0,0.20139141,0.31968542,0,0,0.162855414,0,0,0
LK16S011-314,0,0.991544759,0,0.008455241,0,0,0,0,0,0,0
LK16S011-315,0,0.407923756,0,0.206206679,0.318289225,0,0,0.06758034,0,0,0
LK16S011-316,0,1,0,0,0,0,0,0,0,0,0
LK16S011-317,0.003401092,0.572253421,0,0.051174563,0.24258483,0,0,0.130586095,0,0,0
LK16S011-318,0,1,0,0,0,0,0,0,0,0,0
LK16S011-319,0,0.653477921,0,0.055295037,0.153380227,0,0.009183275,0.12866354,0,0,0
LK16S011-320,0,0.974666467,0,0,0.025333533,0,0,0,0,0,0
LK16S011-321,0,0.60118245,0,0.046883103,0.24126128,0,0.037859143,0.069702313,0,0,0.00311171
LK16S011-322,0.00278778,0.746776629,0.005343245,0.121152282,0.109420374,0,0,0.014519689,0,0,0
LK16S011-323,0.004746258,0.790147603,0,0.042272988,0.087857925,0.005450373,0.06720388,0.002320972,0,0,0
LK16S011-324,0,0.668811117,0.063046835,0,0.206896552,0,0.043232115,0,0,0,0.018013381
LK16S011-325,0,0.899746193,0.022525381,0,0.071383249,0.006345178,0,0,0,0,0
LK16S011-326,0,0.907648591,0,0,0.072933933,0,0.019417476,0,0,0,0
LK16S011-327,0,0.955004591,0,0,0.033670034,0,0.011325375,0,0,0,0
LK16S011-328,0,0.9962239,0,0,0.0037761,0,0,0,0,0,0
LK16S011-329,0,0.893953869,0,0,0.06796779,0,0,0.03807834,0,0,0
LK16S011-330,0,0.583883293,0,0.104029177,0.294720389,0,0.017367141,0,0,0,0
LK16S011-331,0,0.963102725,0.036897275,0,0,0,0,0,0,0,0
LK16S011-332,0,0.861337106,0,0,0.095861337,0,0.042801556,0,0,0,0
LK16S011-333,0,0.664407989,0,0,0.335592011,0,0,0,0,0,0
LK16S011-334,0,0.961751384,0,0,0,0,0,0.038248616,0,0,0
LK16S011-335,0,0.787102473,0.178886926,0,0.034010601,0,0,0,0,0,0
LK16S011-336,0,1,0,0,0,0,0,0,0,0,0
LK16S011-337,0,0.234286984,0,0,0.73113724,0,0.034575776,0,0,0,0
LK16S011-338,0,0.966080915,0,0.033919085,0,0,0,0,0,0,0
LK16S011-339,0,0.891216761,0.002417405,0,0.076752619,0,0.013900081,0,0,0,0.015713135
LK16S011-340,0,0.584918033,0,0,0.415081967,0,0,0,0,0,0
LK16S011-342,0.102019129,0.798441374,0,0.016294722,0.083244775,0,0,0,0,0,0
LK16S011-343,0.031084378,0.421658114,0,0.092979726,0.389017414,0.001177757,0.060843779,0.003238832,0,0,0
LK16S011-344,0.007291139,0.797670886,0,0.040810127,0.067746835,0,0.086481013,0,0,0,0
LK16S011-345,0,0.135472884,0,0,0.864527116,0,0,0,0,0,0
LK16S011-346,0,0.929743737,0,0,0.070256263,0,0,0,0,0,0
LK16S011-347,0,0.980552179,0,0.007813857,0.011633964,0,0,0,0,0,0
LK16S011-348,0,0.563385604,0,0,0.262610996,0,0.174003401,0,0,0,0
LK16S011-350,0.072891853,0.739399714,0,0,0.151977132,0,0.035731301,0,0,0,0
LK16S011-351,0.019784525,0.738883448,0,0.053476983,0.166699314,0,0.02115573,0,0,0,0
LK16S011-352,0,0.997250103,0,0,0.002749897,0,0,0,0,0,0
LK16S011-353,0.019480519,0.911157025,0,0,0.069362456,0,0,0,0,0,0
LK16S011-354,0,0.936950746,0,0.01338647,0.019108931,0,0.030553852,0,0,0,0
LK16S011-355,0,0.966262976,0,0,0.033737024,0,0,0,0,0,0
LK16S011-356,0,0.87372134,0,0.042680776,0.036155203,0,0.045149912,0,0,0,0.002292769
LK16S011-357,0,1,0,0,0,0,0,0,0,0,0
LK16S011-358,0.070465362,0.581570598,0,0.109994712,0.204918033,0,0.033051296,0,0,0,0
LK16S011-359,0.002834983,0.447839243,0,0.059490584,0.487058962,0.002776227,0,0,0,0,0
LK16S011-361,0,0.998851997,0,0,0.001148003,0,0,0,0,0,0
LK16S011-362,0,0.908985025,0,0,0.016306156,0.032612313,0.042096506,0,0,0,0
LK16S011-363,0,1,0,0,0,0,0,0,0,0,0
LK16S011-364,0,0.97404335,0,0,0.02595665,0,0,0,0,0,0
LK16S011-365,0,0.906552494,0.000372301,0,0.004095309,0,0.07706627,0,0,0.011913626,0
LK16S011-366,0.047215496,0.698950767,0,0.097255851,0.095641646,0,0.060936239,0,0,0,0
LK16S011-367,0.001355724,0.468095719,0,0.064422474,0.465243583,0.0008825,0,0,0,0,0